Nome,Nome Pseudonimizzato
Bobby JacksOn,1535
LesLie TErRy,1341
DaNnY sMitH,1164
andrEw waTtS,1590
adrIENNE bEll,1551
EMILY JOHNSOn,1380
edwArD EDWaRDs,1574
CHrisTInA MARtinez,1892
JASmINe aGuIlaR,1576
ChRISTopher BerG,1668
mIchElLe daniELs,1837
aaRon MARtiNeZ,1531
connOR HANsEn,1266
rObeRt bAuer,1426
bROOkE brady,1258
MS. nAtalIE gAMble,1925
haley perkins,1441
mRS. jamiE cAMPBELl,1959
LuKE BuRgEss,1296
dANIEL schmIdt,1674
tIMOTHY burNs,1259
ChRISToPHEr BRiGhT,1778
KatHRYn StewArt,1714
dR. EilEEn thomPsoN,1765
PAUl hEndERsOn,1317
PeTER fiTzgeRaLd,1582
cathy sMaLl,1443
mr. KenNEth MoORE,1561
MaRy hUNter,1230
jOSHUA OLiVer,1376
ThOMAS MartInEZ,1641
JAmES pattERson,1468
WilLIAM cOOPEr,1388
Erin oRTEga,1470
NicOlE RodriGUEz,1714
DAvID AndErSON,1350
DEnIse ToRRES,1560
CasSAndrA Robinson,1902
NIcOlE LUcErO,1173
PAmela fErNanDeZ,1693
chRiSTOPHer LEe,1759
ThomAS morsE,1302
Mr. eRiC Lane,1458
KAThEriNE SmiTH,1658
pAUL wILLiAmS,1404
lYNn MaRtinez,1527
chRIsTOpHEr CHaPmAN,1814
CHRis fRYe,1260
kyLE bEnneTT,1218
BRandOn coLLINS,1410
mIchael LiU,1445
STepHaNie kEnt,1501
JessE BaNks,1461
PeGGY LEe,870
TAmARa hErNAndez,1647
mR. DAVID pIERce Md,1702
beThaNY MoOrE,1463
MIChael MIllS,1513
kyle Wiley,1291
jACqUeLINE jORdaN,1713
ASHleY guTIERreZ,1716
Kim ScOtt,1058
tRAvIs carTeR,1503
LArry rodgeRs,1361
Nancy glOVeR,1474
JessIca king,1599
ChRiStOPhER gOnzAlez,2181
jOhN hARTmAN,1249
MicHAEl MillEr,1697
Erica myERS,1221
cAROl PaTtERSoN,1496
JOSe LopEz,1236
kEVIn SiMmoNs Jr.,1828
DuANe HaneY,1193
JONathAn yaTeS,1376
johN THoMaS,1086
AdriaN BuckLEY,1316
apRil SANTIAgO,1415
DIane scHultz,1485
tiMOThY myers,1668
NICOLE HUGhes,1342
ChAd MorEnO,1062
SeaN jenniNGs,1442
DIAnE brAnch,1417
cindY OROzco,1380
pAtriCIa MEdinA,1702
kayLa padillA,1377
JUan klEiN,1186
wILLIAM hIlL,1380
CARL BEst,1170
TInA GriFfin,1309
MR. TYler TAYLOR Phd,1676
TAyLoR howeLl Dds,1823
mIcHAeL MaRTIn,1312
heatHER mIller,1714
cathERinE gArDnEr,1670
ANNE THOMPSoN,1212
TOdd coopeR,1470
PhILLIP lyOnS,1303
MaRk foRD,985
mARcUS ZAmorA,1224
KaTiE hENry,1350
wilLIAm morTON,1704
KaTRina maRTin,1687
HunTeR mckAy,1524
dWAYnE DAViS,1332
sARAH CalDweLL,1433
DAVid higgInS,1498
bRADlEY coMbS,1330
chrisTiNa SChMitt,1832
coLtoN stRONg,1408
MARK priCE,1238
sUZaNnE SchNeIder,1943
MIchaEL HUrLEY,1556
LIndsEy laMbErt,1682
reBEcCA PARsONs,1703
jUdy joHNsoN,1503
TOnyA caMpbell,1617
JAMEs Ross,1249
SaRA COOk,829
annE howeLl,1215
RENEE bAilEY,1110
Jeffrey tuRNER,1502
DR. LaUreN ClaRk DDs,1857
terRY THoMaS,1426
JasOn baKEr,1090
JEssicA gUtiERrEz,1963
COURTNey HOdGes,1697
ANthONy reYEs,1294
LeaH cRoSs Dds,1613
PaUL MaRTinEz,1220
DenisE rOdRIGuEZ,1803
ashLEy ERIcKSoN,1660
SEaN carDenaS,1459
aLaN AlVaREz,1284
JeSsICA phiLliPS,1808
tiMOthY CoLemaN,1837
cHristina wooDS,1690
mELIssa sCOtt,1563
GaRy hoPkiNS,1451
aPRIL VAleNCIA,1393
riTA archER,1371
kIm PenA,890
jaSoN FOlEy,1084
ShAUN GuzmAn,1285
MATTHeW wHite,1348
aLExiS wilsOn,1645
JaCQueLiNE maRshAll,2185
RoBErt hIGGInS,1626
SierRa MoRTON,1610
nATAliE sTANtoN,1493
jEssica aceveDo,1700
JENnIfEr mCmillan,1688
ChRISTopher mccLAiN,1991
kevIn HiCKs,1171
MELIndA richARds,1852
roBYn miRaNDa,1626
scoTt caSTillO,1434
jOHN GarciA,1326
miCHAeL TayloR,1683
jeFfReY WoOd,1321
MiCHAEl smIth,1227
wiLLiam grIFfItH,1609
CHrISTiNa lAwReNCe,1705
jeSsiCA HolmeS,1748
traCEY grEenE,1408
aMAnda lOpeZ,1551
LaurA pEtErS,1337
LAUrEn ANDErSOn,1337
wILliAm CAmpos,1468
jEssiCa GoNzAleS,1643
brUcE gOnzaleS,1668
rOBert WAlsH,1182
lIsA LeWis,1185
WiLlIaM RUiZ,1295
StEven BALdWIn,1309
meGAn CoLON,1299
kImbErlY brOoks,1824
EdWARd SMiTh jR.,1512
aLliSoN CorDoVA,1580
lINdA THOMAs,1140
paRkEr moOrE,1380
tanya SOto,1264
mIChaEL jOrdaN,1619
ChRiSTINA MArTin,1456
TrACy BUrke,1194
daVID SPeNCE,1070
JOsEph fOstER,1575
NIcholAs haLl,1388
ChriSTiNA maCiAS,1711
scoTT JoNes,1490
jaMEs AnDerSon,1405
sHaUN LonG,973
krIStInA morA,1486
joshUa rIcHmOnd,1539
Mark lAWrencE,1451
JOhN eLlis,1213
MRs. TiFFAny DeNnIs,2052
cyNTHIa HuANG,1368
meLiSSA LawRENcE,1447
STEvEn goodwIN,1568
mARY HuNT,896
ERic riveRa,1119
ALAn tayLor,1172
mIcHaEL cAMPbeLl,1769
asHLEY webb ddS,1567
SHaNNON broWn,1255
LAwrenCE shEPherD,1783
scoTt wADE,1144
heAthER curTis,1699
kEvIN jEFFeRsON,1403
dAvId gRifFIn,1388
GRanT GeoRge,1360
eRIc SteWART,1327
RoBErt pittmAn,1507
SYdNey Cross,1598
DaviD CrawfoRD,1742
LEAH DRaKE,1103
DiAna hALL,1065
JUsTIN lE,1153
KaREn pricE dDs,1453
CaROlYN sTEeLE,1283
LAURen RAMireZ,1590
jAcOb nEWman,1172
KAThErInE BARnEtt,1747
JODI martiNeZ,1332
andrEa aLlEN,1511
nOah baxtEr,1267
hECTOR MAXweLL,1236
holLy WALters,1470
JOsepH SmIth,1484
albERt tHOmAS,1619
jeFfErY WIlliaMSOn,1793
joNAthAn meADOWS,1850
kRIStIN BeNnETT,1577
miCHaEl SmITh,1276
JOSepH cARpenteR,1523
larRy MaYEr,1356
CLaYTON PEterSon,1711
donaLD aLVArEZ,1688
SaRAh leE,1162
joHN peReZ,1373
Timothy jAcobS,1672
nAThaN sMall,1392
dUSTin WriGhT,1297
jacOb wilLiAMS,1496
wiLlIAm mcCOY,1288
dr. MATthEW wilkinS,1905
JosEpH gONZaLeZ,1450
rObErt fiElDS,1378
lawrencE mIRAndA,1676
mitCheLl caRrOlL,1832
COdY nIcHoLs,1503
KELlI tHompSOn,1697
dAnIElle lOPeZ,1597
melINda JONES,1451
KRiSTIN sMith,1270
StEphaniE REYNolDs,1960
AnNA NORMaN,1151
MAria haYeS,1283
toNya riLEy mD,1370
REgiNa DUnn,1105
mIcHael JACoBS,1554
jaSon mOOrE md,1416
eRiC HALl,1028
MALIk MARtINeZ,1408
LisA KENNEdY,1202
kRIstIn ocHOA,1433
joSeph ZuNiGA,1276
kYLe TYlER,979
eric duNCan,1201
raChel roMERo,1469
mIcHael anDeRson,1787
emILY clARK,1298
danIeL mCKINnEy,1772
BOnnIe WILlIaMS,1520
MARcUs henry,1336
katheRiNE HART,1544
MIchelle pIeRCE,1421
Julie Mejia,1285
cAMeRoN sAnChEz,1725
davId Vincent,1481
MeLiSSA gOMez,1314
AMAnDa pONCe,1284
CArOl GOMEz,1274
cHRISTopHEr PalmER,2006
PAUL Hahn,916
aSHLeY MOORe,1182
lINDa haMiLTOn,1597
robiN coX,1104
AnthoNY HalL,1337
roberT smitH,1493
dEREK CARTER,1081
HEAthER MAY,1083
pETer gOnzAlEZ,1666
chrIs flEtCheR,1392
sHIRley wiLkinsoN,1768
COurtNey FaRRelL,1908
aNDReA WiLliS,1377
cHAD huFF,889
dEvin giLBert,1350
DOnALD davIS,1224
KUrT murphy,1243
SYlvia wEsT,1306
DONaLd vAZQuEZ,1271
REbeCCA rUsH,1100
ChrIstoPhER curRY,2050
miCHaeL EdwARds,1433
cHriSTOPheR ARnoLd,1710
RAcheL hickmAn,1610
ashlEY grAy,1141
eLiZaBeTh PeREz,1781
ANgeL RaNDOlPH ddS,1599
maRk SaUNderS,1515
ChriSTiAn lAnG,1451
Pam perKIns,1372
kAyLA GrEENe,1218
mIcHAEl daVId,1308
aLeXIs mCcALl,1463
mr. brandON perEz md,1908
dr. jeffREy ColE,1714
maTthEw broWN,1622
RoBErT sExtON,1561
ashLEy vasQUEZ,1505
mIcHelLe FLYnn,1621
StEVEn trAn,1164
JAMeS MilLeR,1389
Bonnie hiLl,1216
AnTHONy DaviS,1473
DaViD ShEPPArD,1295
JOdi LAnG,1007
VaNeSSa TAylor,1675
WAYnE lyncH,1147
YEsENiA MCfarland,1772
KEnNETH WilSON,1487
JIlLiAn MArks,1572
MiCHELLe cruz ddS,1832
CLaREnce fORD jr.,1588
DonAlD kaNe,1134
ZaChaRY LARsEN,1255
sHeRYl MaRTinez,1660
mr. NaTHAN avILA,1675
aNnE aNTHONY,1086
hOlly LaMBERt,1604
JAmes rASmuSsen,1835
SaRAH cannON,1299
melInda tannER,1623
LauriE josEPh,1425
stEPHAnIe hUnteR,1588
gIna daviS,1089
chRiStoPheR sHEA Jr.,2066
MrS. SabRIna BaLL,1528
JoyCe McCoRmIcK,1400
DEVIN bElL,1241
alLISoN rAmiREZ,1548
lauRA roMERO,1398
TONi fAULKNer,1360
patrIcia tuRnEr,1905
naThaN rAy,1383
RYan sAnCHeZ,1308
tHOMas DENnIs,1511
mR. timOtHY FLoRES,1630
WeNDy lEVIne,1206
nicOLe gOnzAleZ,1694
miCHaeL eLlIsoN,1604
BRAndON dAVIS,1423
vaNESsa GArCia,1405
AUtUmn PEck,1067
NAthAnIEL REynoLdS,1977
JOYCE MoOdY,1263
MaRK FuEnTes,1448
brETT FerGusoN,1734
TravIS SiMMOnS,1631
jEremY fRye,1519
cAmerOn MilLER,1630
wilLIAM wiLliams dDS,1895
tRACIe WrigHt,1594
DaVid reyEs,1180
pAiGE KIng,1057
James gArCIA,1343
lOri hArvEY,1473
amy wANG,1063
joRDAn vARgaS,1553
GORDON kELLY,1315
nathaN Scott,1294
LiSA grEEn,931
amY CoMbS,905
KelLY sANfoRD,1415
mrs. jEssIcA BlAck md,2161
rObERT GoulD,1280
cHRISTiNe VArgaS,1540
BARbara dIaZ,1203
jOHn washIngtON,1509
DEVIn stEWaRt,1445
JAMeS ROBeRTs,1218
JaMes YATEs,1246
PeTEr nIcHOLs,1325
karen pRice,1316
chRisTOPHEr jONes,1940
LaRRY LeoNarD,1489
MiChELle zHaNg,1386
kriSTEn FlOrES,1407
MaTThEW bELl,1255
brADLeY MIraNdA,1585
cHRIsToPheR mOORE,1813
dan PINEDA,1024
maRIaH SmiTH,1230
saBRINa cOoK,1434
MelIssA hOFfMAN,1695
Joseph MARtiN,1546
meLissA SIms,1391
SaraH evans,1517
mARIA ANDeRsON,1202
MariA JOHnStON,1358
JaMES COle,1114
iSaiaH hOlT,1183
joSEPH gonzaLeS,1722
JenNiFEr CAMaCho,1459
HecTOR jonES,1415
jEsSIcA jOnes Dds,1705
IsaBeLlA martIn,1669
daNiEL pALMeR,1336
sTEPhanIe BeNsoN,1769
AshleY WiLliamS,1712
GReGOrY NguYEn,1569
joE SmItH,988
LIsa wATTS,1184
alexAnDER GArcia,1879
ElIzabETh PErKINs,1594
LAuRA WELLS,997
robErT mCcORmICk,1696
MICHAEL yu,881
jacOB GRaHam,1308
aNdrea kenNedy,1800
StacEY aNderson,1693
jasOn mArsh,1325
tiFfAnY FErguSON,1522
mark hErnaNdEZ,1498
KEITH HenRy,1002
mIChelLE WRIghT,1707
TRoY DaVIS,1075
MiSty burton,1517
RObERt rObINsOn,1606
CHrISTiNA caldeROn,1931
JOhN GRahAm,1150
mICHAEl PARkER,1468
WIlliAm EVANs,1410
vAlEriE hodgES,1719
brENda BecK,1152
CHrISTIne DAvIs,1480
keVIN dANiEl,1368
BRIttney WagNER,1717
criStIaN bUChANAn,1653
MiCHAEl bRady,1548
jOrdan LEON,1138
kAteLyn cunNINGHam,1755
KRyStal mENDoZA,1698
aLEx RodriGUEz,1393
GeoFfrEy barkER,1468
ALEc miTCheLl,1557
JasOn joRDaN,1449
philiP ReYES,1217
AarOn BradsHaw,1532
ERicA fOrd,1257
dr. KAtIe baRReTt DVM,2070
Jacob youNG,1432
amY RAMos,900
PaTricK moRAlES,1705
sOpHIA cONwAY,1360
jamES mOORE,1385
ChRisTOPHeR cOChRan,1877
RObeRT Carter,1462
moRgAn NGUYEn,1254
natHAn MONToYA,1427
jOE Berry PhD,1405
daNIeL oRtiz,1217
mATthEw cLaRk,1474
JAcQuELINE hArDY,1537
eMiLY JoSEPh,1290
sarAH HiCKs,1418
bRiANa rOsS,1333
maRY mcculLOUgH,1698
bRIAn OSborNe,1450
suSAn WALTerS,1558
CATHerine HaRVEY,1703
cORY PIERCe,1152
jeSus jORdan,1252
ANn dUNCAN,873
Sarah pOrTEr,1246
jACquEliNE DeAN,1475
AnNE lam,960
jEnnifeR GomEz,1414
daVId CuRTIs,1439
joSHUa JOHnsON,1358
jEReMy bOwen,1526
denNIs cLarkE,1464
jeNNiFER spEnCe,1565
biLlY fITZGERALd,1466
krisTEN JamES,1608
cAiTLIN bEndEr,1665
bRENda fULleR,1483
CASSaNdrA rIcE,1546
SeRgIO saNcheZ,1388
keviN stein,1281
MAUrEEN grANT Md,1730
SaMantHA gUtIErrez,1794
GEORgE woodwARd,1418
sHaNe TaTe,1302
KErRY HaWkiNs,1572
mARissA mORa,1443
rICKy mEYeR,1131
EDWArd JOneS jR.,1581
HeatHER mELeNdez,1747
jesSIcA mAciaS,1386
JaMIe leACh,1115
matThEW sImMoNs,1508
SHeILA bAXtEr,1246
DAVE PaRrISH,1251
brYaN SteWart,1697
JaMes beLL,1234
Joshua LOve,1460
rObErT CLArk,1302
marisa GOlDEN,1407
NanCy HaMIltOn,1405
BRyaN bOwERS,1409
NIColE mArTIN,1494
WillIam HaRmON,1380
TOM BRoWN,947
CynthIa NeLSoN,1651
TODD gROSS,967
sTEphAnie cHung,1605
KayLA PeREZ,1151
paul marTInez,1690
joshuA neLson,1405
JAkE COpeLand,1476
mAria GArdNEr,1313
jAnEt ROBERTs DDS,1766
pETeR ramSey,1482
AsHley farmER,1464
kaTHerInE haLE,1580
GAry BOWEN,1213
LaURA rYan,1140
TiMoThY lOpeZ,1419
ANThoNy gUZmAn,1394
MIChael ShaRP,1476
daVId CarrOlL,1447
Connor BARTOn,1623
AnGElA SCOtT,1298
DAvID ORTiz,1292
paTRicK pierce,1638
KeiTH JohnSoN,1637
antonio smITh,1419
jOHN TaYlOR,1176
barbAra stEwarT,1874
lArRy TaNnEr,1193
MAllORy diAz,1328
jOhN WILLiams,1318
peter miller,1449
rYaN bUtLeR,1165
SaMANTHa lOwERY,1547
TiFFAny LEe,1365
SamaNthA WiLlIs,1600
pAmela BroWn,1323
cARLA walkER,1104
MaRy GOnzaLeS,1249
SHEllEY FlEmInG,1659
MARK bLakE,1233
SCoTT KIng,1319
JesSicA dAvis,1453
anthOnY odom,1553
charleS bRoWN,1492
raChel DaVIS,1316
SAndRa mccALl,1266
NiCole FraNCIS,1399
STEVEN SmitH,1171
KAREn johnsoN,1468
anna ROgERs,1283
pRiSCiLlA dEckEr,1522
tREVor WRiGHt,1523
WiLlIAm tuCKEr,1422
JEsSIca KElLer,1577
WILliAM hEnRY,1497
RobiN Clarke,1274
jessIca gARZa,1425
JAmIe salaZAR,1385
stevEN VAugHaN,1571
MIChAeL contreraS,1870
AllEn roBeRTs,1608
aMy POwEll,1011
KeNNeth sMitH,1424
maTThEW WEsT,1479
ERIK MOntoyA,1480
aUSTin lEwis,1326
KennEtH ThOmPSon,1890
AMANDa DURhAm,1103
stEphen HUdSON,1602
CASsanDRA VeLaZquEZ,1916
suSAN peNA,1328
anTHoNY PerKinS,1606
KATRIna LOPEz,1412
bRiAn FoSTER,1463
JaSon ThOMPson,1709
david AYaLa,1092
jaReD YoDER,1383
gRegoRY cANnON,1708
LISa aNdERSON,1395
ELIzabEtH ShIelDs,1924
PatriCiA kIM,1340
JessiCA sOto,1513
JEnNY ReYnOLDS,1420
SHANnon baRRett,1466
tERrI PERry,1436
Joseph MaddEN,1349
RebECCa hOGAN,1142
kELly WAlKER,1334
jUlIa muEllER,1332
KAyLa mOORe,1179
KAITLyn SmItH,1295
DAnIEL KemP,1214
laurA mYeRs,1383
Carol ReEd,1292
JesSIcA caRtER,1387
vANeSsa ScHaEFeR,1674
MIgUeL GOmeZ,1481
linDa cARdeNas,1562
annEtTE JAMES,1483
sUSaN HuRLEY,1337
carOLyN Wade,1578
aNgeLA DelEon,1247
cAROLYN COoPer,1490
reBEcca hARRIs,1533
garY cUrtIS,1350
ryaN LIU,1056
DenNiS MOrROw,1236
JEnNiFEr COOpER,1467
JaCOB loPez,1331
carOL McClain,1262
mIChaeL RiChArdsoN,1730
MARK NGuYEn,1013
EriC COOk,1150
kRISTeN STEPheNS,1467
DaNa WAltoN,1333
Scott arNOLd,1317
MEGan wHEEleR,1441
AaRON coX,934
CassanDRA MArTineZ,1763
SHawn bROwn,1363
SAnDRa WillIamSon,1930
jenniFeR sTephEnS,2023
stePHANIe ROdRigueZ,2037
CaROlIne mCinTyRe,1989
Mr. cAMeROn RoBINsoN,2082
taMmY pINEdA,1290
nATaLiE aNdeRson,1663
jAsminE RodrIgueZ,2036
deBRA MCkee,1090
sANDRa GReENe,1270
cRystAl MorRIS,1649
jaSoN pArKER,1463
ROy JONEs,1094
RIcHaRd aNDeRsoN,1637
JenNIfEr FoSTer,1752
dEBBIE wILSOn,1428
tRavIS flOreS,1527
emIly yOUNg,1510
sANDy halL,1192
madIsOn WRigHT,1569
AMy manN,790
Jason stEELe,1509
PAmEla mIDdlEtoN,1841
liSA JAcKsOn,1496
SaMantHA PATEl,1391
HeRberT RodRIGUEZ,1643
OliviA pOWELl,1620
SAmaNThA PERkins,1637
mIchaeL POtTs,1454
KeRRy HErnANDEz,1451
jOSHUa reyEs,1533
JeNniFER oRteGA,1532
BrIttANY BRaun,1359
daniel cHEn,1157
ErICA hart,1070
alIcIa scOTt,1373
amandA aGUIrRE,1596
mark hIcKs,1337
TIMOtHy daVIS,1529
LONNIE DomInguEZ,1584
KIMbERLY hALE,1132
Dana WilLIAMsoN,1707
mr. GEORGe BROwN jr.,1672
ALLEn cAmACho,1316
NATHan woOdS,1387
caTheriNe sMitH,1576
JerRy leE,1002
AlexaNder COLEMan,1633
dAvid JENSEN,1413
DeBORAH EVaNs,1187
ALEXaNdRIa coLon,1498
sAMUEL HANSOn,1361
BryaN phILliPS,1610
naThaN wileY,1545
ALiShA muRpHy,1279
AMANdA lUcEro,1271
SHeIla SelLErs,1346
sUSaN Chan,982
AnGEL MiTChelL,1291
DARleNE cohEN,1443
KrIStY ONeILl,1385
sHErrI gArCia,1495
MIChaEL wEber,1520
BETh sChwaRTZ,1221
cYnTHIA cLARKE,1348
MArK GiLES,880
TAmara beltRaN,1440
JOsEpH guTierReZ,1892
JAmiE jimeNEZ,1284
chARles MUrPHY,1464
CArLOS lOPEz,1296
joHnnY IrWIN,1511
SCOTT wERNeR,1375
TeRRi stEWart,1461
dAVId DaviS,1351
StEpheN HaRRIS,1448
briDgeT Adams,1402
MIchAEL MortON,1284
MIchElLE LIU,1229
ReGina bRIght,1574
SaMuel decKEr,1550
pAuL wRiGHt,1291
brIAN OlSOn,1061
TRaCEy harRiSOn,1784
ERiKa joHNsoN,1435
PEteR CuNnInghAm,1683
sIErrA whITe,1529
eDdIe rUSsO dVm,1423
yvEtte tuRnER,1452
jameS cHArLes,1332
ALexis ALlEn,1382
stephAnIe martIN,1862
SHelBy AndeRson,1792
aBIGail FarmEr,1405
chrIStINa MiLLER,1748
MAtTHew wYAtt,1295
dAvID MOnTOYa,1349
eRic ParK,1140
lOrI trEVinO,1536
dWaYNe CASTIllO,1551
kRIStInE mcCALl,1690
jOsepH SelLeRs,1681
dR. DONalD AndersON,1930
VicToRiA WiLLiAMS,1641
anna jONEs,1153
mR. RobeRT DaVIS,1707
jeFfrEY HALl,1203
tERrY GRAvEs,1192
JErome MorAles,1589
kEith ROdRiGuez,1817
tAmARA davENpOrT,1844
JOnatHAN SiMON,1561
HolLY ARMsTrOnG,1465
rONaLd bAnKs,1509
rYAn BRadforD DDS,1771
jaNICE hAlL,1357
JaCOB mcDOnaLD,1381
GlENN maSSeY,1101
SAndrA mURray,1607
maRK wiLLIaMs,1323
stEPHAnie rEid dvm,1877
sEth BArTleTt ii,1730
jerEmY rIcH,1292
eLIZAbeTh MiLLEr,1704
ErIn MaRtiN,1312
FRaNK HESS,1161
pAul Rogers,1281
JEnNiFEr edWArDS,1603
BRian halL,1347
kIMbERly WILLIamS,1697
IsAaC MENdeZ,1353
SarAh SmitH,1197
dAniEl Wolf,1368
RobeRT RoSS,1333
DOuglAS fosTEr,1415
LOuIS LoWERY,1464
JESsICA Tyler,1597
wiLLiAm davIES,1567
JeSSICA rEyeS,1349
dAnIEl JoneS,1530
PAUla moRaLes,1645
DAvId spEArS,1348
ScoTT bErRY,1311
dAltON NGuYEN,1570
SCoTT clARK,1274
JaMIE bAKEr,1000
couRTnEy pAtrick,1757
wILLiAm waRE,1147
AmBer andeRSoN,1581
caSey joHNson,1479
ZAcHaRY ColLins,1695
ZACHArY rEed,1202
CHRisTOPHer wEiss,1730
CHArleS sTrong,1694
kathErINE KeLLY,1685
chrIstOPhEr heNdERSon,2355
jOsEPh bROWn,1490
josEpH SAncHEz,1634
KYle pEREz,1175
EdUaRdO hOuSTOn,1437
lORi roACh,1005
ErIc bUtleR,1300
jEfFREY bROWn,1553
ThOmAs hAAS,1110
kelLY tURner,1407
lANce SiMPsOn,1548
jeffrey GReeN,1326
ErIc cOLlInS,1230
brIanNa wiLlIaMs,1620
RoBerT gRavEs,1536
CINDy wiLLIamS,1469
VIcToR sULLivan,1597
Frank SCotT,1288
Mark BRaDShaw,1454
JeSSicA duNn,1248
KELsEy foX,1252
MarY RICE,867
RACHeL jaCKSON,1436
leah FRederICk,1698
COnnOr ODoNNell,1447
clAUdIa DoWNS,1582
wIlliaM LaNG,1400
LIsA MORAn,948
rUBeN BUrTOn,1156
bRANdon sMith,1312
jeSSiCa MURPHY,1302
miSty wiLLIamS,1756
brAndY GEORGE,1268
ANDrea Buck,1051
STephanIE bUrKE,1476
STEPHaNiE moON,1281
sHaRON joHnsON,1460
MaTtHeW haLEY,1380
SaBRInA May,1014
melindA aUstiN,1643
angElA MonTgOmery,1718
VAnessA MaRTiN,1319
gABriel steVEnS,1660
MichAEL wOLfE,1386
bROokE TorreS,1516
vicTOr DUKE,1316
josepH gaRrETt,1528
kARa lI,867
jUan kEllEy,1341
sHawNA rUsseLl,1557
LOrI LawREnce,1306
WhItney jonES,1612
JOE DaVila,937
lISa KELlEr,1134
jOrdAN BUSh,1023
BrEnDA yU,854
JASmine sHort,1509
Tamara LEonArd,1467
keVIN wong,1028
LIsa LopeZ,1109
jUSTiN VArgAs,1458
JoDy loPEZ,1005
JONaTHaN wOODs,1627
eMMa RAY,1081
andrEa jOHNSon,1620
waYnE SHArp,1357
sHelby BLack,1469
maRthA MARTiN,1239
amanDA wilSoN,1426
JErEMy NGuyeN,1278
eILEEN HaRRIs,1476
johN becKEr,1134
FelICIa wILey,1538
JESsE JOneS,1205
steVEN gleNn,1566
CAROLine sWanSoN,1658
TERRy NiCHolson,1773
KelLy tHOmAS,1441
stevEn McgeE,1561
sHeLleY waRE,1192
MELiSSA bRADY,1229
MArIA hAll,1185
AnDRE sMITh,1043
KareN GOnZaleZ,1536
ViNCENt SelLErS,1367
brANDon buRKe,1447
MR. MArK hANCocK,1623
kenNETH PEReZ,1349
MArtiN haNsEn,1421
susAn bROWN,1338
niCOle ALVAraDO,1573
JeSsicA RodRiGUeZ,1625
tiNA PriCE,948
mR. jaCk wIlliS,1605
GreGoRY aDAMS,1501
DAVId RObErtS,1373
COry PERry,1354
JeSsica BarrY,1380
cyNthIA thOmAs,1658
sHannOn JOHnSOn,1648
jUSTIn whITE,1368
reGINA sTewarT,1357
chelsEa FInLeY,1470
emmA beNNeTt,1521
AlaN lEe,1037
KatELYn MiLler,1459
aManda morriS,1398
dAvID pRatt,1394
MAtTheW cunnINGHAm,1831
bObBY CarSoN,1246
meliNda WIlSOn,1439
NancY HaNSEn,1119
gReGoRY wALlS,1471
aMBer NiXoN,1054
KriStIn fRancO,1588
JEremIAH vAZQuEz,1737
AnthONy SmITH,1551
vIcToRiA brADy,1614
erIN cLaRk,962
hEAtHer BOyLe,1425
eLiZAbeTH ShEPPARd,1871
roBErT boOne,1537
geoFFrEy DANiELs,1747
joHN khAn,1004
ChrISTopheR aRmSTRoNg,2228
JeNNiFER lopez,1417
mELISSa ROBerTson,1730
KAren PriCE,1203
LiSa fRanKLin,1444
KRisTIN BURtoN,1416
caiTLin aDAms,1557
EvaN HeRnANDez,1556
jEnNiFer KNiGht,1495
BOnnIE WiLSon,1257
kEnnETh raMIREZ,1771
ELleN mCCuLloUgh,1525
THomAS SToNe,1137
katHLEEn ArMstrong,1799
tErrY BEnnetT,1476
kRISTIN NGuYeN,1260
aNgEla rANdOLph,1648
chrIsTOpHEr tAtE,1793
chrisTopHeR wALToN,1954
mEAGAN MIranDA,1235
dAvId BrOwn,1232
EriC MilleR,1162
JoeL BaRTlEtT,1303
stAcY GIlLEspiE,1697
cINdy SHaW,1296
Andrew eriCKsON,1759
aShleY roDrIguez,1661
dARrYl CruZ,1216
shEiLA cHurcH,1576
NANcY munOZ,1133
REBeccA MarTinEZ,1713
johN SIMmOns,1526
LANce TORREs,1291
tImotHy TErrY,1692
joHn MOorE,1306
bRAdLeY RAMos,1558
JIlL TayLOR,1071
kelLy brown,1590
jonATHan chAVEZ,1604
deniSe Wall,1494
ToDd martinez,1455
jEnnIFer foRD,1572
RAYMOnD Park JR.,1712
jUlia reYNOLDs,1377
JOhN McleAn,1221
KATie hOwARd,1293
AmandA LAWSon,1518
PAUL muRRaY,1143
JAmEs MorRis,1561
MaTTHew cOlliNs,1500
sharOn cArPenTeR,1674
maRcUS bRoWn,1253
mItcHElL DeCkeR,1412
dONald mURPhY,1549
JOSePh faRlEy,1458
BReNdaN paRKer,1621
SaMuEL dAVis,1356
KeLsey POrTeR,1447
mArk bRYaNt,1333
mARGAret ZamoRa,1500
dAVid pAyne,1308
tony salAs pHD,1712
AdRiaN bowMan,1274
MRS. laUrEn morgaN,1648
joSHuA muRRay,1485
JAsoN webER,1257
reBeCcA LeWis,1357
JOAn aRcHeR,1308
brittAnY EDwarDs,1926
tiMotHy dIAz,1564
DaniEL BLaNKenShIP,1945
mAry stEphenS,1425
BrIAN FigUERoA,1459
sTEphANIe anderSOn,1788
